insert into tbl_pelanggan 
values (88001,'Didin Samsudin'),
(88002,'Cahyadi'),
(88003,'Roy Saputra'),
(88004,'Okta Verdina'),
(88005,'Angela Veronika'),
(88006,'Alex Bambang'),
(88007,'Fernando');

insert into tbl_pemasok 
values (99001,'Pinjaik Aluih Store'),
(99002,'Katidiang Store'),
(99003,'Inti Store');

insert into tbl_transaksi values
(110001,88001,'2019-10-14'),
(110002,88005,'2019-10-16'),
(110003,88004,'2019-10-16'),
(110004,88004,'2019-10-17'),
(110005,88005,'2019-10-19'),
(110006,88007,'2019-10-19'),
(110007,88004,'2019-10-22'),
(110008,88001,'2019-10-22'),
(110009,88007,'2019-10-22'),
(110010,88003,'2019-10-24'),
(110011,88002,'2019-10-24');

insert into tbl_produk values
(220001,99001,'Pensil',50,2000),
(220002,99001,'Penghapus',70,1500),
(220003,99003,'Spidol',85,2500),
(220004,99003,'Tipe X',100,3000),
(220005,99001,'Klip',45,1000),
(220006,99002,'Buku Tulis',250,3000),
(220007,99002,'Buku Gambar',90,4000),
(220008,99001,'Kotak Pensil',100,1500),
(220009,99002,'Map',120,1000),
(220010,99003,'Amplop',250,500),
(220011,99001,'Bingkai Foto',30,25000),
(220012,99001,'Kertas HVS',120,45000),
(220013,99002,'Sterofoam',90,15000),
(220014,99001,'Art Carton',75,7500),
(220015,99001,'Binder',65,35000);

insert into tbl_detail_transaksi values
(1,110001,220001,3),
(2,110001,220005,5),
(3,110001,220008,2),
(4,110002,220001,4),
(5,110002,220010,1),
(6,110002,220012,8),
(7,110002,220014,7),
(8,110002,220002,1),
(9,110002,220005,3),
(10,110003,220002,5),
(11,110004,220015,8),
(12,110004,220014,9),
(13,110005,220008,2),
(14,110005,220012,1),
(15,110005,220014,3),
(16,110006,220001,1),
(17,110006,220015,1),
(18,110007,220008,2),
(19,110007,220001,3),
(20,110008,220005,2);

